Country Name,Country Code,Series Name,Series Code,2022 [YR2022]
Afghanistan,AFG,"GDP per capita, PPP (constant 2017 international $)",NY.GDP.PCAP.PP.KD,..
Africa Eastern and Southern,AFE,"GDP per capita, PPP (constant 2017 international $)",NY.GDP.PCAP.PP.KD,3566.269439
Africa Western and Central,AFW,"GDP per capita, PPP (constant 2017 international $)",NY.GDP.PCAP.PP.KD,4066.48323
Albania,ALB,"GDP per capita, PPP (constant 2017 international $)",NY.GDP.PCAP.PP.KD,15491.961
Algeria,DZA,"GDP per capita, PPP (constant 2017 international $)",NY.GDP.PCAP.PP.KD,11198.23348
American Samoa,ASM,"GDP per capita, PPP (constant 2017 international $)",NY.GDP.PCAP.PP.KD,..
Andorra,AND,"GDP per capita, PPP (constant 2017 international $)",NY.GDP.PCAP.PP.KD,..
Angola,AGO,"GDP per capita, PPP (constant 2017 international $)",NY.GDP.PCAP.PP.KD,5906.115677
Antigua and Barbuda,ATG,"GDP per capita, PPP (constant 2017 international $)",NY.GDP.PCAP.PP.KD,22321.87002
Arab World,ARB,"GDP per capita, PPP (constant 2017 international $)",NY.GDP.PCAP.PP.KD,14366.29925
Argentina,ARG,"GDP per capita, PPP (constant 2017 international $)",NY.GDP.PCAP.PP.KD,22461.44094
Armenia,ARM,"GDP per capita, PPP (constant 2017 international $)",NY.GDP.PCAP.PP.KD,16057.00646
Aruba,ABW,"GDP per capita, PPP (constant 2017 international $)",NY.GDP.PCAP.PP.KD,41273.61505
Australia,AUS,"GDP per capita, PPP (constant 2017 international $)",NY.GDP.PCAP.PP.KD,51090.26333
Austria,AUT,"GDP per capita, PPP (constant 2017 international $)",NY.GDP.PCAP.PP.KD,55867.18381
Azerbaijan,AZE,"GDP per capita, PPP (constant 2017 international $)",NY.GDP.PCAP.PP.KD,15094.2841
"Bahamas, The",BHS,"GDP per capita, PPP (constant 2017 international $)",NY.GDP.PCAP.PP.KD,34663.49645
Bahrain,BHR,"GDP per capita, PPP (constant 2017 international $)",NY.GDP.PCAP.PP.KD,51854.71637
Bangladesh,BGD,"GDP per capita, PPP (constant 2017 international $)",NY.GDP.PCAP.PP.KD,6263.004635
Barbados,BRB,"GDP per capita, PPP (constant 2017 international $)",NY.GDP.PCAP.PP.KD,15417.29644
Belarus,BLR,"GDP per capita, PPP (constant 2017 international $)",NY.GDP.PCAP.PP.KD,19092.11117
Belgium,BEL,"GDP per capita, PPP (constant 2017 international $)",NY.GDP.PCAP.PP.KD,53287.15361
Belize,BLZ,"GDP per capita, PPP (constant 2017 international $)",NY.GDP.PCAP.PP.KD,9473.705619
Benin,BEN,"GDP per capita, PPP (constant 2017 international $)",NY.GDP.PCAP.PP.KD,3435.171617
Bermuda,BMU,"GDP per capita, PPP (constant 2017 international $)",NY.GDP.PCAP.PP.KD,81165.65094
Bhutan,BTN,"GDP per capita, PPP (constant 2017 international $)",NY.GDP.PCAP.PP.KD,..
Bolivia,BOL,"GDP per capita, PPP (constant 2017 international $)",NY.GDP.PCAP.PP.KD,8244.235658
Bosnia and Herzegovina,BIH,"GDP per capita, PPP (constant 2017 international $)",NY.GDP.PCAP.PP.KD,16737.11106
Botswana,BWA,"GDP per capita, PPP (constant 2017 international $)",NY.GDP.PCAP.PP.KD,15518.65105
Brazil,BRA,"GDP per capita, PPP (constant 2017 international $)",NY.GDP.PCAP.PP.KD,15093.46512
British Virgin Islands,VGB,"GDP per capita, PPP (constant 2017 international $)",NY.GDP.PCAP.PP.KD,..
Brunei Darussalam,BRN,"GDP per capita, PPP (constant 2017 international $)",NY.GDP.PCAP.PP.KD,58669.90069
Bulgaria,BGR,"GDP per capita, PPP (constant 2017 international $)",NY.GDP.PCAP.PP.KD,26961.10608
Burkina Faso,BFA,"GDP per capita, PPP (constant 2017 international $)",NY.GDP.PCAP.PP.KD,2158.858516
Burundi,BDI,"GDP per capita, PPP (constant 2017 international $)",NY.GDP.PCAP.PP.KD,708.1783134
Cabo Verde,CPV,"GDP per capita, PPP (constant 2017 international $)",NY.GDP.PCAP.PP.KD,7379.247565
Cambodia,KHM,"GDP per capita, PPP (constant 2017 international $)",NY.GDP.PCAP.PP.KD,4533.864023
Cameroon,CMR,"GDP per capita, PPP (constant 2017 international $)",NY.GDP.PCAP.PP.KD,3723.532337
Canada,CAN,"GDP per capita, PPP (constant 2017 international $)",NY.GDP.PCAP.PP.KD,49296.37921
Caribbean small states,CSS,"GDP per capita, PPP (constant 2017 international $)",NY.GDP.PCAP.PP.KD,18000.14783
Cayman Islands,CYM,"GDP per capita, PPP (constant 2017 international $)",NY.GDP.PCAP.PP.KD,71353.88808
Central African Republic,CAF,"GDP per capita, PPP (constant 2017 international $)",NY.GDP.PCAP.PP.KD,823.9821853
Central Europe and the Baltics,CEB,"GDP per capita, PPP (constant 2017 international $)",NY.GDP.PCAP.PP.KD,35819.5639
Chad,TCD,"GDP per capita, PPP (constant 2017 international $)",NY.GDP.PCAP.PP.KD,1412.670718
Channel Islands,CHI,"GDP per capita, PPP (constant 2017 international $)",NY.GDP.PCAP.PP.KD,..
Chile,CHL,"GDP per capita, PPP (constant 2017 international $)",NY.GDP.PCAP.PP.KD,25886.12142
China,CHN,"GDP per capita, PPP (constant 2017 international $)",NY.GDP.PCAP.PP.KD,18187.84112
Colombia,COL,"GDP per capita, PPP (constant 2017 international $)",NY.GDP.PCAP.PP.KD,15616.74783
Comoros,COM,"GDP per capita, PPP (constant 2017 international $)",NY.GDP.PCAP.PP.KD,3245.768697
"Congo, Dem. Rep.",COD,"GDP per capita, PPP (constant 2017 international $)",NY.GDP.PCAP.PP.KD,1132.65423
"Congo, Rep.",COG,"GDP per capita, PPP (constant 2017 international $)",NY.GDP.PCAP.PP.KD,3670.199622
Costa Rica,CRI,"GDP per capita, PPP (constant 2017 international $)",NY.GDP.PCAP.PP.KD,22070.91981
Cote d'Ivoire,CIV,"GDP per capita, PPP (constant 2017 international $)",NY.GDP.PCAP.PP.KD,5537.369758
Croatia,HRV,"GDP per capita, PPP (constant 2017 international $)",NY.GDP.PCAP.PP.KD,34302.11322
Cuba,CUB,"GDP per capita, PPP (constant 2017 international $)",NY.GDP.PCAP.PP.KD,..
Curacao,CUW,"GDP per capita, PPP (constant 2017 international $)",NY.GDP.PCAP.PP.KD,23114.95214
Cyprus,CYP,"GDP per capita, PPP (constant 2017 international $)",NY.GDP.PCAP.PP.KD,44996.00391
Czechia,CZE,"GDP per capita, PPP (constant 2017 international $)",NY.GDP.PCAP.PP.KD,41052.33252
Denmark,DNK,"GDP per capita, PPP (constant 2017 international $)",NY.GDP.PCAP.PP.KD,59935.11992
Djibouti,DJI,"GDP per capita, PPP (constant 2017 international $)",NY.GDP.PCAP.PP.KD,4989.408723
Dominica,DMA,"GDP per capita, PPP (constant 2017 international $)",NY.GDP.PCAP.PP.KD,11463.59787
Dominican Republic,DOM,"GDP per capita, PPP (constant 2017 international $)",NY.GDP.PCAP.PP.KD,19338.01511
Early-demographic dividend,EAR,"GDP per capita, PPP (constant 2017 international $)",NY.GDP.PCAP.PP.KD,9913.753059
East Asia & Pacific,EAS,"GDP per capita, PPP (constant 2017 international $)",NY.GDP.PCAP.PP.KD,19194.56887
East Asia & Pacific (excluding high income),EAP,"GDP per capita, PPP (constant 2017 international $)",NY.GDP.PCAP.PP.KD,15942.20521
East Asia & Pacific (IDA & IBRD countries),TEA,"GDP per capita, PPP (constant 2017 international $)",NY.GDP.PCAP.PP.KD,16119.53969
Ecuador,ECU,"GDP per capita, PPP (constant 2017 international $)",NY.GDP.PCAP.PP.KD,10859.21783
"Egypt, Arab Rep.",EGY,"GDP per capita, PPP (constant 2017 international $)",NY.GDP.PCAP.PP.KD,12780.75987
El Salvador,SLV,"GDP per capita, PPP (constant 2017 international $)",NY.GDP.PCAP.PP.KD,9396.01378
Equatorial Guinea,GNQ,"GDP per capita, PPP (constant 2017 international $)",NY.GDP.PCAP.PP.KD,14918.29673
Eritrea,ERI,"GDP per capita, PPP (constant 2017 international $)",NY.GDP.PCAP.PP.KD,..
Estonia,EST,"GDP per capita, PPP (constant 2017 international $)",NY.GDP.PCAP.PP.KD,37711.81883
Eswatini,SWZ,"GDP per capita, PPP (constant 2017 international $)",NY.GDP.PCAP.PP.KD,9058.583177
Ethiopia,ETH,"GDP per capita, PPP (constant 2017 international $)",NY.GDP.PCAP.PP.KD,2381.165784
Euro area,EMU,"GDP per capita, PPP (constant 2017 international $)",NY.GDP.PCAP.PP.KD,47867.75447
Europe & Central Asia,ECS,"GDP per capita, PPP (constant 2017 international $)",NY.GDP.PCAP.PP.KD,36711.47008
Europe & Central Asia (excluding high income),ECA,"GDP per capita, PPP (constant 2017 international $)",NY.GDP.PCAP.PP.KD,22996.05319
Europe & Central Asia (IDA & IBRD countries),TEC,"GDP per capita, PPP (constant 2017 international $)",NY.GDP.PCAP.PP.KD,24670.62667
European Union,EUU,"GDP per capita, PPP (constant 2017 international $)",NY.GDP.PCAP.PP.KD,45977.40269
Faroe Islands,FRO,"GDP per capita, PPP (constant 2017 international $)",NY.GDP.PCAP.PP.KD,..
Fiji,FJI,"GDP per capita, PPP (constant 2017 international $)",NY.GDP.PCAP.PP.KD,12388.10853
Finland,FIN,"GDP per capita, PPP (constant 2017 international $)",NY.GDP.PCAP.PP.KD,49275.15378
Fragile and conflict affected situations,FCS,"GDP per capita, PPP (constant 2017 international $)",NY.GDP.PCAP.PP.KD,4214.422454
France,FRA,"GDP per capita, PPP (constant 2017 international $)",NY.GDP.PCAP.PP.KD,45904.4113
French Polynesia,PYF,"GDP per capita, PPP (constant 2017 international $)",NY.GDP.PCAP.PP.KD,..
Gabon,GAB,"GDP per capita, PPP (constant 2017 international $)",NY.GDP.PCAP.PP.KD,13939.78681
"Gambia, The",GMB,"GDP per capita, PPP (constant 2017 international $)",NY.GDP.PCAP.PP.KD,2113.614844
Georgia,GEO,"GDP per capita, PPP (constant 2017 international $)",NY.GDP.PCAP.PP.KD,17078.34096
Germany,DEU,"GDP per capita, PPP (constant 2017 international $)",NY.GDP.PCAP.PP.KD,53969.62555
Ghana,GHA,"GDP per capita, PPP (constant 2017 international $)",NY.GDP.PCAP.PP.KD,5480.329983
Gibraltar,GIB,"GDP per capita, PPP (constant 2017 international $)",NY.GDP.PCAP.PP.KD,..
Greece,GRC,"GDP per capita, PPP (constant 2017 international $)",NY.GDP.PCAP.PP.KD,31704.42561
Greenland,GRL,"GDP per capita, PPP (constant 2017 international $)",NY.GDP.PCAP.PP.KD,..
Grenada,GRD,"GDP per capita, PPP (constant 2017 international $)",NY.GDP.PCAP.PP.KD,14462.93673
Guam,GUM,"GDP per capita, PPP (constant 2017 international $)",NY.GDP.PCAP.PP.KD,..
Guatemala,GTM,"GDP per capita, PPP (constant 2017 international $)",NY.GDP.PCAP.PP.KD,9162.052788
Guinea,GIN,"GDP per capita, PPP (constant 2017 international $)",NY.GDP.PCAP.PP.KD,2699.128855
Guinea-Bissau,GNB,"GDP per capita, PPP (constant 2017 international $)",NY.GDP.PCAP.PP.KD,1855.111973
Guyana,GUY,"GDP per capita, PPP (constant 2017 international $)",NY.GDP.PCAP.PP.KD,35634.68891
Haiti,HTI,"GDP per capita, PPP (constant 2017 international $)",NY.GDP.PCAP.PP.KD,2799.112561
Heavily indebted poor countries (HIPC),HPC,"GDP per capita, PPP (constant 2017 international $)",NY.GDP.PCAP.PP.KD,2578.81452
High income,HIC,"GDP per capita, PPP (constant 2017 international $)",NY.GDP.PCAP.PP.KD,51743.67723
Honduras,HND,"GDP per capita, PPP (constant 2017 international $)",NY.GDP.PCAP.PP.KD,5709.124208
"Hong Kong SAR, China",HKG,"GDP per capita, PPP (constant 2017 international $)",NY.GDP.PCAP.PP.KD,58478.88152
Hungary,HUN,"GDP per capita, PPP (constant 2017 international $)",NY.GDP.PCAP.PP.KD,35356.78153
IBRD only,IBD,"GDP per capita, PPP (constant 2017 international $)",NY.GDP.PCAP.PP.KD,14384.28228
Iceland,ISL,"GDP per capita, PPP (constant 2017 international $)",NY.GDP.PCAP.PP.KD,55567.42621
IDA & IBRD total,IBT,"GDP per capita, PPP (constant 2017 international $)",NY.GDP.PCAP.PP.KD,11545.74295
IDA blend,IDB,"GDP per capita, PPP (constant 2017 international $)",NY.GDP.PCAP.PP.KD,5153.923533
IDA only,IDX,"GDP per capita, PPP (constant 2017 international $)",NY.GDP.PCAP.PP.KD,3416.632144
IDA total,IDA,"GDP per capita, PPP (constant 2017 international $)",NY.GDP.PCAP.PP.KD,3978.844908
India,IND,"GDP per capita, PPP (constant 2017 international $)",NY.GDP.PCAP.PP.KD,7112.039396
Indonesia,IDN,"GDP per capita, PPP (constant 2017 international $)",NY.GDP.PCAP.PP.KD,12409.75885
"Iran, Islamic Rep.",IRN,"GDP per capita, PPP (constant 2017 international $)",NY.GDP.PCAP.PP.KD,15461.07934
Iraq,IRQ,"GDP per capita, PPP (constant 2017 international $)",NY.GDP.PCAP.PP.KD,9199.020694
Ireland,IRL,"GDP per capita, PPP (constant 2017 international $)",NY.GDP.PCAP.PP.KD,112445.421
Isle of Man,IMN,"GDP per capita, PPP (constant 2017 international $)",NY.GDP.PCAP.PP.KD,..
Israel,ISR,"GDP per capita, PPP (constant 2017 international $)",NY.GDP.PCAP.PP.KD,44393.3003
Italy,ITA,"GDP per capita, PPP (constant 2017 international $)",NY.GDP.PCAP.PP.KD,44292.19118
Jamaica,JAM,"GDP per capita, PPP (constant 2017 international $)",NY.GDP.PCAP.PP.KD,10107.86479
Japan,JPN,"GDP per capita, PPP (constant 2017 international $)",NY.GDP.PCAP.PP.KD,41837.9104
Jordan,JOR,"GDP per capita, PPP (constant 2017 international $)",NY.GDP.PCAP.PP.KD,9490.666716
Kazakhstan,KAZ,"GDP per capita, PPP (constant 2017 international $)",NY.GDP.PCAP.PP.KD,26093.29458
Kenya,KEN,"GDP per capita, PPP (constant 2017 international $)",NY.GDP.PCAP.PP.KD,4881.531729
Kiribati,KIR,"GDP per capita, PPP (constant 2017 international $)",NY.GDP.PCAP.PP.KD,2002.718218
"Korea, Dem. People's Rep.",PRK,"GDP per capita, PPP (constant 2017 international $)",NY.GDP.PCAP.PP.KD,..
"Korea, Rep.",KOR,"GDP per capita, PPP (constant 2017 international $)",NY.GDP.PCAP.PP.KD,45560.12352
Kosovo,XKX,"GDP per capita, PPP (constant 2017 international $)",NY.GDP.PCAP.PP.KD,12675.06793
Kuwait,KWT,"GDP per capita, PPP (constant 2017 international $)",NY.GDP.PCAP.PP.KD,49400.35446
Kyrgyz Republic,KGZ,"GDP per capita, PPP (constant 2017 international $)",NY.GDP.PCAP.PP.KD,5070.150236
Lao PDR,LAO,"GDP per capita, PPP (constant 2017 international $)",NY.GDP.PCAP.PP.KD,7947.658797
Late-demographic dividend,LTE,"GDP per capita, PPP (constant 2017 international $)",NY.GDP.PCAP.PP.KD,19084.4894
Latin America & Caribbean,LCN,"GDP per capita, PPP (constant 2017 international $)",NY.GDP.PCAP.PP.KD,16484.41883
Latin America & Caribbean (excluding high income),LAC,"GDP per capita, PPP (constant 2017 international $)",NY.GDP.PCAP.PP.KD,15739.73836
Latin America & the Caribbean (IDA & IBRD countries),TLA,"GDP per capita, PPP (constant 2017 international $)",NY.GDP.PCAP.PP.KD,16404.32721
Latvia,LVA,"GDP per capita, PPP (constant 2017 international $)",NY.GDP.PCAP.PP.KD,32992.45045
Least developed countries: UN classification,LDC,"GDP per capita, PPP (constant 2017 international $)",NY.GDP.PCAP.PP.KD,3145.755059
Lebanon,LBN,"GDP per capita, PPP (constant 2017 international $)",NY.GDP.PCAP.PP.KD,..
Lesotho,LSO,"GDP per capita, PPP (constant 2017 international $)",NY.GDP.PCAP.PP.KD,2240.339251
Liberia,LBR,"GDP per capita, PPP (constant 2017 international $)",NY.GDP.PCAP.PP.KD,1460.92339
Libya,LBY,"GDP per capita, PPP (constant 2017 international $)",NY.GDP.PCAP.PP.KD,19796.5875
Liechtenstein,LIE,"GDP per capita, PPP (constant 2017 international $)",NY.GDP.PCAP.PP.KD,..
Lithuania,LTU,"GDP per capita, PPP (constant 2017 international $)",NY.GDP.PCAP.PP.KD,39955.33641
Low & middle income,LMY,"GDP per capita, PPP (constant 2017 international $)",NY.GDP.PCAP.PP.KD,11169.79087
Low income,LIC,"GDP per capita, PPP (constant 2017 international $)",NY.GDP.PCAP.PP.KD,1949.12394
Lower middle income,LMC,"GDP per capita, PPP (constant 2017 international $)",NY.GDP.PCAP.PP.KD,7137.511378
Luxembourg,LUX,"GDP per capita, PPP (constant 2017 international $)",NY.GDP.PCAP.PP.KD,117746.9896
"Macao SAR, China",MAC,"GDP per capita, PPP (constant 2017 international $)",NY.GDP.PCAP.PP.KD,51840.13934
Madagascar,MDG,"GDP per capita, PPP (constant 2017 international $)",NY.GDP.PCAP.PP.KD,1502.482182
Malawi,MWI,"GDP per capita, PPP (constant 2017 international $)",NY.GDP.PCAP.PP.KD,1466.879417
Malaysia,MYS,"GDP per capita, PPP (constant 2017 international $)",NY.GDP.PCAP.PP.KD,28383.61865
Maldives,MDV,"GDP per capita, PPP (constant 2017 international $)",NY.GDP.PCAP.PP.KD,21271.31768
Mali,MLI,"GDP per capita, PPP (constant 2017 international $)",NY.GDP.PCAP.PP.KD,2132.623315
Malta,MLT,"GDP per capita, PPP (constant 2017 international $)",NY.GDP.PCAP.PP.KD,48641.516
Marshall Islands,MHL,"GDP per capita, PPP (constant 2017 international $)",NY.GDP.PCAP.PP.KD,6004.342769
Mauritania,MRT,"GDP per capita, PPP (constant 2017 international $)",NY.GDP.PCAP.PP.KD,5330.214503
Mauritius,MUS,"GDP per capita, PPP (constant 2017 international $)",NY.GDP.PCAP.PP.KD,22841.35055
Mexico,MEX,"GDP per capita, PPP (constant 2017 international $)",NY.GDP.PCAP.PP.KD,20254.78114
"Micronesia, Fed. Sts.",FSM,"GDP per capita, PPP (constant 2017 international $)",NY.GDP.PCAP.PP.KD,3263.665192
Middle East & North Africa,MEA,"GDP per capita, PPP (constant 2017 international $)",NY.GDP.PCAP.PP.KD,16772.774
Middle East & North Africa (excluding high income),MNA,"GDP per capita, PPP (constant 2017 international $)",NY.GDP.PCAP.PP.KD,10851.00022
Middle East & North Africa (IDA & IBRD countries),TMN,"GDP per capita, PPP (constant 2017 international $)",NY.GDP.PCAP.PP.KD,10913.97045
Middle income,MIC,"GDP per capita, PPP (constant 2017 international $)",NY.GDP.PCAP.PP.KD,12264.5927
Moldova,MDA,"GDP per capita, PPP (constant 2017 international $)",NY.GDP.PCAP.PP.KD,13308.41733
Monaco,MCO,"GDP per capita, PPP (constant 2017 international $)",NY.GDP.PCAP.PP.KD,..
Mongolia,MNG,"GDP per capita, PPP (constant 2017 international $)",NY.GDP.PCAP.PP.KD,12073.24546
Montenegro,MNE,"GDP per capita, PPP (constant 2017 international $)",NY.GDP.PCAP.PP.KD,22108.57895
Morocco,MAR,"GDP per capita, PPP (constant 2017 international $)",NY.GDP.PCAP.PP.KD,8083.365234
Mozambique,MOZ,"GDP per capita, PPP (constant 2017 international $)",NY.GDP.PCAP.PP.KD,1250.772414
Myanmar,MMR,"GDP per capita, PPP (constant 2017 international $)",NY.GDP.PCAP.PP.KD,4249.876151
Namibia,NAM,"GDP per capita, PPP (constant 2017 international $)",NY.GDP.PCAP.PP.KD,9762.776892
Nauru,NRU,"GDP per capita, PPP (constant 2017 international $)",NY.GDP.PCAP.PP.KD,11024.34299
Nepal,NPL,"GDP per capita, PPP (constant 2017 international $)",NY.GDP.PCAP.PP.KD,4001.699955
Netherlands,NLD,"GDP per capita, PPP (constant 2017 international $)",NY.GDP.PCAP.PP.KD,59249.167
New Caledonia,NCL,"GDP per capita, PPP (constant 2017 international $)",NY.GDP.PCAP.PP.KD,..
New Zealand,NZL,"GDP per capita, PPP (constant 2017 international $)",NY.GDP.PCAP.PP.KD,45185.31253
Nicaragua,NIC,"GDP per capita, PPP (constant 2017 international $)",NY.GDP.PCAP.PP.KD,5822.353525
Niger,NER,"GDP per capita, PPP (constant 2017 international $)",NY.GDP.PCAP.PP.KD,1274.641741
Nigeria,NGA,"GDP per capita, PPP (constant 2017 international $)",NY.GDP.PCAP.PP.KD,4963.160313
North America,NAC,"GDP per capita, PPP (constant 2017 international $)",NY.GDP.PCAP.PP.KD,63023.21113
North Macedonia,MKD,"GDP per capita, PPP (constant 2017 international $)",NY.GDP.PCAP.PP.KD,17128.64286
Northern Mariana Islands,MNP,"GDP per capita, PPP (constant 2017 international $)",NY.GDP.PCAP.PP.KD,..
Norway,NOR,"GDP per capita, PPP (constant 2017 international $)",NY.GDP.PCAP.PP.KD,67296.15924
Not classified,INX,"GDP per capita, PPP (constant 2017 international $)",NY.GDP.PCAP.PP.KD,..
OECD members,OED,"GDP per capita, PPP (constant 2017 international $)",NY.GDP.PCAP.PP.KD,46234.39653
Oman,OMN,"GDP per capita, PPP (constant 2017 international $)",NY.GDP.PCAP.PP.KD,35336.89465
Other small states,OSS,"GDP per capita, PPP (constant 2017 international $)",NY.GDP.PCAP.PP.KD,22271.20254
Pacific island small states,PSS,"GDP per capita, PPP (constant 2017 international $)",NY.GDP.PCAP.PP.KD,6554.735975
Pakistan,PAK,"GDP per capita, PPP (constant 2017 international $)",NY.GDP.PCAP.PP.KD,5376.966856
Palau,PLW,"GDP per capita, PPP (constant 2017 international $)",NY.GDP.PCAP.PP.KD,..
Panama,PAN,"GDP per capita, PPP (constant 2017 international $)",NY.GDP.PCAP.PP.KD,33266.47684
Papua New Guinea,PNG,"GDP per capita, PPP (constant 2017 international $)",NY.GDP.PCAP.PP.KD,3752.944951
Paraguay,PRY,"GDP per capita, PPP (constant 2017 international $)",NY.GDP.PCAP.PP.KD,13531.39666
Peru,PER,"GDP per capita, PPP (constant 2017 international $)",NY.GDP.PCAP.PP.KD,12743.94239
Philippines,PHL,"GDP per capita, PPP (constant 2017 international $)",NY.GDP.PCAP.PP.KD,8581.937693
Poland,POL,"GDP per capita, PPP (constant 2017 international $)",NY.GDP.PCAP.PP.KD,37706.60613
Portugal,PRT,"GDP per capita, PPP (constant 2017 international $)",NY.GDP.PCAP.PP.KD,35767.72258
Post-demographic dividend,PST,"GDP per capita, PPP (constant 2017 international $)",NY.GDP.PCAP.PP.KD,50502.09445
Pre-demographic dividend,PRE,"GDP per capita, PPP (constant 2017 international $)",NY.GDP.PCAP.PP.KD,3403.991097
Puerto Rico,PRI,"GDP per capita, PPP (constant 2017 international $)",NY.GDP.PCAP.PP.KD,34297.93372
Qatar,QAT,"GDP per capita, PPP (constant 2017 international $)",NY.GDP.PCAP.PP.KD,96557.81376
Romania,ROU,"GDP per capita, PPP (constant 2017 international $)",NY.GDP.PCAP.PP.KD,32495.68597
Russian Federation,RUS,"GDP per capita, PPP (constant 2017 international $)",NY.GDP.PCAP.PP.KD,27450.44922
Rwanda,RWA,"GDP per capita, PPP (constant 2017 international $)",NY.GDP.PCAP.PP.KD,2364.80197
Samoa,WSM,"GDP per capita, PPP (constant 2017 international $)",NY.GDP.PCAP.PP.KD,5155.620076
San Marino,SMR,"GDP per capita, PPP (constant 2017 international $)",NY.GDP.PCAP.PP.KD,..
Sao Tome and Principe,STP,"GDP per capita, PPP (constant 2017 international $)",NY.GDP.PCAP.PP.KD,3438.859825
Saudi Arabia,SAU,"GDP per capita, PPP (constant 2017 international $)",NY.GDP.PCAP.PP.KD,50188.29749
Senegal,SEN,"GDP per capita, PPP (constant 2017 international $)",NY.GDP.PCAP.PP.KD,3564.628137
Serbia,SRB,"GDP per capita, PPP (constant 2017 international $)",NY.GDP.PCAP.PP.KD,20885.74516
Seychelles,SYC,"GDP per capita, PPP (constant 2017 international $)",NY.GDP.PCAP.PP.KD,25205.73629
Sierra Leone,SLE,"GDP per capita, PPP (constant 2017 international $)",NY.GDP.PCAP.PP.KD,1634.76383
Singapore,SGP,"GDP per capita, PPP (constant 2017 international $)",NY.GDP.PCAP.PP.KD,108036.111
Sint Maarten (Dutch part),SXM,"GDP per capita, PPP (constant 2017 international $)",NY.GDP.PCAP.PP.KD,41942.91934
Slovak Republic,SVK,"GDP per capita, PPP (constant 2017 international $)",NY.GDP.PCAP.PP.KD,33176.18457
Slovenia,SVN,"GDP per capita, PPP (constant 2017 international $)",NY.GDP.PCAP.PP.KD,41015.22523
Small states,SST,"GDP per capita, PPP (constant 2017 international $)",NY.GDP.PCAP.PP.KD,20576.14771
Solomon Islands,SLB,"GDP per capita, PPP (constant 2017 international $)",NY.GDP.PCAP.PP.KD,2247.784882
Somalia,SOM,"GDP per capita, PPP (constant 2017 international $)",NY.GDP.PCAP.PP.KD,1448.556735
South Africa,ZAF,"GDP per capita, PPP (constant 2017 international $)",NY.GDP.PCAP.PP.KD,13478.75386
South Asia,SAS,"GDP per capita, PPP (constant 2017 international $)",NY.GDP.PCAP.PP.KD,6719.767251
South Asia (IDA & IBRD),TSA,"GDP per capita, PPP (constant 2017 international $)",NY.GDP.PCAP.PP.KD,6719.767251
South Sudan,SSD,"GDP per capita, PPP (constant 2017 international $)",NY.GDP.PCAP.PP.KD,..
Spain,ESP,"GDP per capita, PPP (constant 2017 international $)",NY.GDP.PCAP.PP.KD,40223.01254
Sri Lanka,LKA,"GDP per capita, PPP (constant 2017 international $)",NY.GDP.PCAP.PP.KD,12200.13739
St. Kitts and Nevis,KNA,"GDP per capita, PPP (constant 2017 international $)",NY.GDP.PCAP.PP.KD,28770.13897
St. Lucia,LCA,"GDP per capita, PPP (constant 2017 international $)",NY.GDP.PCAP.PP.KD,15100.28601
St. Martin (French part),MAF,"GDP per capita, PPP (constant 2017 international $)",NY.GDP.PCAP.PP.KD,..
St. Vincent and the Grenadines,VCT,"GDP per capita, PPP (constant 2017 international $)",NY.GDP.PCAP.PP.KD,14572.60703
Sub-Saharan Africa,SSF,"GDP per capita, PPP (constant 2017 international $)",NY.GDP.PCAP.PP.KD,3767.177327
Sub-Saharan Africa (excluding high income),SSA,"GDP per capita, PPP (constant 2017 international $)",NY.GDP.PCAP.PP.KD,3765.058366
Sub-Saharan Africa (IDA & IBRD countries),TSS,"GDP per capita, PPP (constant 2017 international $)",NY.GDP.PCAP.PP.KD,3767.177327
Sudan,SDN,"GDP per capita, PPP (constant 2017 international $)",NY.GDP.PCAP.PP.KD,3570.607422
Suriname,SUR,"GDP per capita, PPP (constant 2017 international $)",NY.GDP.PCAP.PP.KD,15047.61395
Sweden,SWE,"GDP per capita, PPP (constant 2017 international $)",NY.GDP.PCAP.PP.KD,55359.34265
Switzerland,CHE,"GDP per capita, PPP (constant 2017 international $)",NY.GDP.PCAP.PP.KD,72278.20726
Syrian Arab Republic,SYR,"GDP per capita, PPP (constant 2017 international $)",NY.GDP.PCAP.PP.KD,..
Tajikistan,TJK,"GDP per capita, PPP (constant 2017 international $)",NY.GDP.PCAP.PP.KD,4137.2776
Tanzania,TZA,"GDP per capita, PPP (constant 2017 international $)",NY.GDP.PCAP.PP.KD,2623.861572
Thailand,THA,"GDP per capita, PPP (constant 2017 international $)",NY.GDP.PCAP.PP.KD,17507.62019
Timor-Leste,TLS,"GDP per capita, PPP (constant 2017 international $)",NY.GDP.PCAP.PP.KD,3943.092434
Togo,TGO,"GDP per capita, PPP (constant 2017 international $)",NY.GDP.PCAP.PP.KD,2202.726816
Tonga,TON,"GDP per capita, PPP (constant 2017 international $)",NY.GDP.PCAP.PP.KD,..
Trinidad and Tobago,TTO,"GDP per capita, PPP (constant 2017 international $)",NY.GDP.PCAP.PP.KD,23295.54634
Tunisia,TUN,"GDP per capita, PPP (constant 2017 international $)",NY.GDP.PCAP.PP.KD,10569.05083
Turkiye,TUR,"GDP per capita, PPP (constant 2017 international $)",NY.GDP.PCAP.PP.KD,33149.49822
Turkmenistan,TKM,"GDP per capita, PPP (constant 2017 international $)",NY.GDP.PCAP.PP.KD,14740.00958
Turks and Caicos Islands,TCA,"GDP per capita, PPP (constant 2017 international $)",NY.GDP.PCAP.PP.KD,20718.38895
Tuvalu,TUV,"GDP per capita, PPP (constant 2017 international $)",NY.GDP.PCAP.PP.KD,4591.330713
Uganda,UGA,"GDP per capita, PPP (constant 2017 international $)",NY.GDP.PCAP.PP.KD,2280.073743
Ukraine,UKR,"GDP per capita, PPP (constant 2017 international $)",NY.GDP.PCAP.PP.KD,10731.44043
United Arab Emirates,ARE,"GDP per capita, PPP (constant 2017 international $)",NY.GDP.PCAP.PP.KD,74917.67411
United Kingdom,GBR,"GDP per capita, PPP (constant 2017 international $)",NY.GDP.PCAP.PP.KD,47587.16735
United States,USA,"GDP per capita, PPP (constant 2017 international $)",NY.GDP.PCAP.PP.KD,64623.12563
Upper middle income,UMC,"GDP per capita, PPP (constant 2017 international $)",NY.GDP.PCAP.PP.KD,18129.35849
Uruguay,URY,"GDP per capita, PPP (constant 2017 international $)",NY.GDP.PCAP.PP.KD,24426.65935
Uzbekistan,UZB,"GDP per capita, PPP (constant 2017 international $)",NY.GDP.PCAP.PP.KD,8073.210439
Vanuatu,VUT,"GDP per capita, PPP (constant 2017 international $)",NY.GDP.PCAP.PP.KD,2785.90386
"Venezuela, RB",VEN,"GDP per capita, PPP (constant 2017 international $)",NY.GDP.PCAP.PP.KD,..
Viet Nam,VNM,"GDP per capita, PPP (constant 2017 international $)",NY.GDP.PCAP.PP.KD,11396.5313
Virgin Islands (U.S.),VIR,"GDP per capita, PPP (constant 2017 international $)",NY.GDP.PCAP.PP.KD,..
West Bank and Gaza,PSE,"GDP per capita, PPP (constant 2017 international $)",NY.GDP.PCAP.PP.KD,5722.409175
World,WLD,"GDP per capita, PPP (constant 2017 international $)",NY.GDP.PCAP.PP.KD,17527.18851
"Yemen, Rep.",YEM,"GDP per capita, PPP (constant 2017 international $)",NY.GDP.PCAP.PP.KD,..
Zambia,ZMB,"GDP per capita, PPP (constant 2017 international $)",NY.GDP.PCAP.PP.KD,3365.87378
Zimbabwe,ZWE,"GDP per capita, PPP (constant 2017 international $)",NY.GDP.PCAP.PP.KD,2207.957033
,,,,
,,,,
,,,,
Data from database: World Development Indicators,,,,
Last Updated: 03/28/2024,,,,